1650368261331, -0.0423654, -0.0188401, -0.0790857
1650368261331, -0.0423654, -0.0188401, -0.0790857
1650368261332, -0.0423654, -0.0188401, -0.0790857
1650368261333, -0.0423654, -0.0188401, -0.0790857
1650368261334, -0.0423654, -0.0188401, -0.0790857
1650368261336, -0.0423654, -0.0188401, -0.0790857
1650368261336, -0.0423654, -0.0188401, -0.0790857
1650368261338, -0.0423654, -0.0188401, -0.0790857
1650368261339, -0.0423654, -0.0188401, -0.0790857
1650368261340, -0.0423654, -0.0188401, -0.0790857
1650368261341, -0.0423654, -0.0188401, -0.0790857
1650368261342, -0.0423654, -0.0188401, -0.0790857
1650368261343, -0.0423654, -0.0188401, -0.0790857
1650368261344, -0.0423654, -0.0188401, -0.0790857
1650368261345, -0.0423654, -0.0188401, -0.0790857
1650368261346, -0.0423654, -0.0188401, -0.0790857
1650368261347, -0.0423654, -0.0188401, -0.0790857
1650368261348, -0.0423654, -0.0188401, -0.0790857
1650368261349, -0.0423654, -0.0188401, -0.0790857
1650368261350, -0.0423654, -0.0188401, -0.0790857
1650368261351, -0.0423654, -0.0188401, -0.0790857
1650368261352, -0.0423654, -0.0188401, -0.0790857
1650368261353, -0.0423654, -0.0188401, -0.0790857
1650368261354, -0.0423654, -0.0188401, -0.0790857
1650368261355, -0.0423654, -0.0188401, -0.0790857
1650368261356, -0.0423654, -0.0188401, -0.0790857
1650368261357, -0.0423654, -0.0188401, -0.0790857
1650368261358, -0.0423654, -0.0188401, -0.0790857
1650368261359, -0.0423654, -0.0188401, -0.0790857
1650368261360, -0.0423654, -0.0188401, -0.0790857
1650368261361, -0.0423654, -0.0188401, -0.0790857
1650368261362, -0.0423654, -0.0188401, -0.0790857
1650368261363, -0.0423654, -0.0188401, -0.0790857
1650368261364, -0.0423654, -0.0188401, -0.0790857
1650368261366, -0.0423654, -0.0188401, -0.0790857
1650368261367, -0.0423654, -0.0188401, -0.0790857
1650368261368, -0.0423654, -0.0188401, -0.0790857
1650368261369, -0.0423654, -0.0188401, -0.0790857
1650368261370, -0.0423654, -0.0188401, -0.0790857
1650368261371, -0.0423654, -0.0188401, -0.0790857
1650368261372, -0.0423654, -0.0188401, -0.0790857
1650368261373, -0.0423654, -0.0188401, -0.0790857
1650368261374, -0.0423654, -0.0188401, -0.0790857
1650368261375, -0.0423654, -0.0188401, -0.0790857
1650368261376, -0.0423654, -0.0188401, -0.0790857
1650368261377, -0.0423654, -0.0188401, -0.0790857
1650368261378, -0.0423654, -0.0188401, -0.0790857
1650368261379, -0.0423654, -0.0188401, -0.0790857
1650368261380, -0.0423654, -0.0188401, -0.0790857
1650368261381, -0.0423654, -0.0188401, -0.0790857
1650368261382, -0.0423654, -0.0188401, -0.0790857
1650368261383, -0.0423654, -0.0188401, -0.0790857
1650368261384, -0.0423654, -0.0188401, -0.0790857
1650368261385, -0.0423654, -0.0188401, -0.0790857
1650368261386, -0.0423654, -0.0188401, -0.0790857
1650368261387, -0.0423654, -0.0188401, -0.0790857
1650368261388, -0.0423654, -0.0188401, -0.0790857
1650368261391, -0.0423654, -0.0188401, -0.0790857
1650368261393, -0.0423654, -0.0188401, -0.0790857
1650368261394, -0.0423654, -0.0188401, -0.0790857
1650368261394, -0.0423654, -0.0188401, -0.0790857
1650368261396, -0.0423654, -0.0188401, -0.0790857
1650368261398, -0.0423654, -0.0188401, -0.0790857
1650368261398, -0.0423654, -0.0188401, -0.0790857
1650368261400, -0.0423654, -0.0188401, -0.0790857
1650368261400, -0.0423654, -0.0188401, -0.0790857
1650368261401, -0.0423654, -0.0188401, -0.0790857
1650368261402, -0.0423654, -0.0188401, -0.0790857
1650368261403, -0.0423654, -0.0188401, -0.0790857
1650368261404, -0.0423654, -0.0188401, -0.0790857
1650368261405, -0.0423654, -0.0188401, -0.0790857
1650368261406, -0.0423654, -0.0188401, -0.0790857
1650368261407, -0.0423654, -0.0188401, -0.0790857
1650368261408, -0.0423654, -0.0188401, -0.0790857
1650368261409, -0.0423654, -0.0188401, -0.0790857
1650368261410, -0.0423654, -0.0188401, -0.0790857
1650368261411, -0.0423654, -0.0188401, -0.0790857
1650368261412, -0.0423654, -0.0188401, -0.0790857
1650368261413, -0.0423654, -0.0188401, -0.0790857
1650368261414, -0.0423654, -0.0188401, -0.0790857
1650368261415, -0.0423654, -0.0188401, -0.0790857
1650368261416, -0.0423654, -0.0188401, -0.0790857
1650368261417, -0.0423654, -0.0188401, -0.0790857
1650368261418, -0.0423654, -0.0188401, -0.0790857
1650368261419, -0.0423654, -0.0188401, -0.0790857
1650368261420, -0.0423654, -0.0188401, -0.0790857
1650368261421, -0.0423654, -0.0188401, -0.0790857
1650368261422, -0.0423654, -0.0188401, -0.0790857
1650368261423, -0.0423654, -0.0188401, -0.0790857
1650368261424, -0.0423654, -0.0188401, -0.0790857
1650368261425, -0.0423654, -0.0188401, -0.0790857
1650368261426, -0.0423654, -0.0188401, -0.0790857
1650368261427, -0.0423654, -0.0188401, -0.0790857
1650368261428, -0.0423654, -0.0188401, -0.0790857
1650368261429, -0.0423654, -0.0188401, -0.0790857
1650368261430, -0.0423654, -0.0188401, -0.0790857
1650368261431, -0.0423654, -0.0188401, -0.0790857
1650368261432, -0.0423654, -0.0188401, -0.0790857
1650368261433, -0.0423654, -0.0188401, -0.0790857
1650368261434, -0.0423654, -0.0188401, -0.0790857
1650368261435, -0.0423654, -0.0188401, -0.0790857
1650368261436, -0.0423654, -0.0188401, -0.0790857
1650368261437, -0.0423654, -0.0188401, -0.0790857
1650368261438, -0.0423654, -0.0188401, -0.0790857
1650368261439, -0.0423654, -0.0188401, -0.0790857
1650368261440, -0.0423654, -0.0188401, -0.0790857
1650368261441, -0.0423654, -0.0188401, -0.0790857
1650368261442, -0.0423654, -0.0188401, -0.0790857
1650368261443, -0.0423654, -0.0188401, -0.0790857
1650368261444, -0.0423654, -0.0188401, -0.0790857
1650368261445, -0.0423654, -0.0188401, -0.0790857
1650368261446, -0.0423654, -0.0188401, -0.0790857
1650368261447, -0.0423654, -0.0188401, -0.0790857
1650368261448, -0.0423654, -0.0188401, -0.0790857
1650368261449, -0.0423654, -0.0188401, -0.0790857
1650368261450, -0.0423654, -0.0188401, -0.0790857
1650368261451, -0.0423654, -0.0188401, -0.0790857
1650368261452, -0.0423654, -0.0188401, -0.0790857
1650368261453, -0.0423654, -0.0188401, -0.0790857
1650368261454, -0.0423654, -0.0188401, -0.0790857
1650368261455, -0.0423654, -0.0188401, -0.0790857
1650368261456, -0.0423654, -0.0188401, -0.0790857
1650368261457, -0.0423654, -0.0188401, -0.0790857
1650368261458, -0.0423654, -0.0188401, -0.0790857
1650368261458, -0.0423654, -0.0188401, -0.0790857
1650368261459, -0.0423654, -0.0188401, -0.0790857
1650368261460, -0.0423654, -0.0188401, -0.0790857
1650368261462, -0.0423654, -0.0188401, -0.0790857
1650368261462, -0.0423654, -0.0188401, -0.0790857
1650368261463, -0.0423654, -0.0188401, -0.0790857
1650368261464, -0.0423654, -0.0188401, -0.0790857
1650368261465, -0.0423654, -0.0188401, -0.0790857
1650368261466, -0.0423654, -0.0188401, -0.0790857
1650368261467, -0.0423654, -0.0188401, -0.0790857
1650368261468, -0.0423654, -0.0188401, -0.0790857
1650368261469, -0.0423654, -0.0188401, -0.0790857
1650368261471, -0.0423654, -0.0188401, -0.0790857
1650368261471, -0.0423654, -0.0188401, -0.0790857
1650368261472, -0.0423654, -0.0188401, -0.0790857
1650368261473, -0.0423654, -0.0188401, -0.0790857
1650368261474, -0.0423654, -0.0188401, -0.0790857
1650368261475, -0.0423654, -0.0188401, -0.0790857
1650368261476, -0.0423654, -0.0188401, -0.0790857
1650368261477, -0.0423654, -0.0188401, -0.0790857
1650368261478, -0.0423654, -0.0188401, -0.0790857
1650368261479, -0.0423654, -0.0188401, -0.0790857
1650368261480, -0.0423654, -0.0188401, -0.0790857
1650368261481, -0.0423654, -0.0188401, -0.0790857
1650368261482, -0.0423654, -0.0188401, -0.0790857
1650368261483, -0.0423654, -0.0188401, -0.0790857
1650368261484, -0.0423654, -0.0188401, -0.0790857
1650368261485, -0.0423654, -0.0188401, -0.0790857
1650368261486, -0.0423654, -0.0188401, -0.0790857
1650368261487, -0.0423654, -0.0188401, -0.0790857
1650368261488, -0.0423654, -0.0188401, -0.0790857
1650368261489, -0.0423654, -0.0188401, -0.0790857
1650368261490, -0.0423654, -0.0188401, -0.0790857
1650368261491, -0.0423654, -0.0188401, -0.0790857
1650368261492, -0.0423654, -0.0188401, -0.0790857
1650368261493, -0.0423654, -0.0188401, -0.0790857
1650368261494, -0.0423654, -0.0188401, -0.0790857
1650368261495, -0.0423654, -0.0188401, -0.0790857
1650368261496, -0.0423654, -0.0188401, -0.0790857
1650368261497, -0.0423654, -0.0188401, -0.0790857
1650368261498, -0.0423654, -0.0188401, -0.0790857
1650368261499, -0.0423654, -0.0188401, -0.0790857
1650368261500, -0.0423654, -0.0188401, -0.0790857
1650368261501, -0.0423654, -0.0188401, -0.0790857
1650368261502, -0.0423654, -0.0188401, -0.0790857
1650368261503, -0.0423654, -0.0188401, -0.0790857
1650368261504, -0.0423654, -0.0188401, -0.0790857
1650368261505, -0.0423654, -0.0188401, -0.0790857
1650368261507, -0.0423654, -0.0188401, -0.0790857
1650368261507, -0.0423654, -0.0188401, -0.0790857
1650368261508, -0.0423654, -0.0188401, -0.0790857
1650368261509, -0.0423654, -0.0188401, -0.0790857
1650368261510, -0.0423654, -0.0188401, -0.0790857
1650368261511, -0.0423654, -0.0188401, -0.0790857
1650368261512, -0.0423654, -0.0188401, -0.0790857
1650368261513, -0.0423654, -0.0188401, -0.0790857
1650368261514, -0.0423654, -0.0188401, -0.0790857
1650368261516, -0.0423654, -0.0188401, -0.0790857
1650368261516, -0.0423654, -0.0188401, -0.0790857
1650368261517, -0.0423654, -0.0188401, -0.0790857
1650368261518, -0.0423654, -0.0188401, -0.0790857
1650368261519, -0.0423654, -0.0188401, -0.0790857
1650368261520, -0.0423654, -0.0188401, -0.0790857
1650368261521, -0.0423654, -0.0188401, -0.0790857
1650368261522, -0.0423654, -0.0188401, -0.0790857
1650368261532, -0.0423654, -0.0188401, -0.0790857
1650368261532, -0.0423654, -0.0188401, -0.0790857
1650368261533, -0.0423654, -0.0188401, -0.0790857
1650368261534, -0.0423654, -0.0188401, -0.0790857
1650368261535, -0.0423654, -0.0188401, -0.0790857
1650368261536, -0.0423654, -0.0188401, -0.0790857
1650368261537, -0.0423654, -0.0188401, -0.0790857
1650368261538, -0.0423654, -0.0188401, -0.0790857
1650368261539, -0.0423654, -0.0188401, -0.0790857
1650368261540, -0.0423654, -0.0188401, -0.0790857
1650368261541, -0.0423654, -0.0188401, -0.0790857
1650368261542, -0.0423654, -0.0188401, -0.0790857
1650368261543, -0.0423654, -0.0188401, -0.0790857
1650368261544, -0.0423654, -0.0188401, -0.0790857
1650368261545, -0.0423654, -0.0188401, -0.0790857
1650368261546, -0.0423654, -0.0188401, -0.0790857
1650368261547, -0.0423654, -0.0188401, -0.0790857
1650368261548, -0.0423654, -0.0188401, -0.0790857
1650368261549, -0.0423654, -0.0188401, -0.0790857
1650368261550, -0.0423654, -0.0188401, -0.0790857
1650368261551, -0.0423654, -0.0188401, -0.0790857
1650368261552, -0.0423654, -0.0188401, -0.0790857
1650368261553, -0.0423654, -0.0188401, -0.0790857
1650368261554, -0.0423654, -0.0188401, -0.0790857
1650368261555, -0.0423654, -0.0188401, -0.0790857
1650368261556, -0.0423654, -0.0188401, -0.0790857
1650368261557, -0.0423654, -0.0188401, -0.0790857
1650368261558, -0.0423654, -0.0188401, -0.0790857
1650368261559, -0.0423654, -0.0188401, -0.0790857
1650368261560, -0.0423654, -0.0188401, -0.0790857
1650368261561, -0.0423654, -0.0188401, -0.0790857
1650368261562, -0.0423654, -0.0188401, -0.0790857
1650368261563, -0.0423654, -0.0188401, -0.0790857
1650368261564, -0.0423654, -0.0188401, -0.0790857
1650368261565, -0.0423654, -0.0188401, -0.0790857
1650368261566, -0.0423654, -0.0188401, -0.0790857
1650368261567, -0.0423654, -0.0188401, -0.0790857
1650368261568, -0.0423654, -0.0188401, -0.0790857
1650368261569, -0.0423654, -0.0188401, -0.0790857
1650368261570, -0.0423654, -0.0188401, -0.0790857
1650368261571, -0.0423654, -0.0188401, -0.0790857
1650368261572, -0.0423654, -0.0188401, -0.0790857
1650368261573, -0.0423654, -0.0188401, -0.0790857
1650368261574, -0.0423654, -0.0188401, -0.0790857
1650368261575, -0.0423654, -0.0188401, -0.0790857
1650368261576, -0.0423654, -0.0188401, -0.0790857
1650368261577, -0.0423654, -0.0188401, -0.0790857
1650368261578, -0.0423654, -0.0188401, -0.0790857
1650368261579, -0.0423654, -0.0188401, -0.0790857
1650368261580, -0.0423654, -0.0188401, -0.0790857
1650368261581, -0.0423654, -0.0188401, -0.0790857
1650368261582, -0.0423654, -0.0188401, -0.0790857
1650368261583, -0.0423654, -0.0188401, -0.0790857
1650368261584, -0.0423654, -0.0188401, -0.0790857
1650368261585, -0.0423654, -0.0188401, -0.0790857
1650368261586, -0.0423654, -0.0188401, -0.0790857
1650368261587, -0.0423654, -0.0188401, -0.0790857
1650368261588, -0.0423654, -0.0188401, -0.0790857
1650368261589, -0.0423654, -0.0188401, -0.0790857
1650368261590, -0.0423654, -0.0188401, -0.0790857
1650368261591, -0.0423654, -0.0188401, -0.0790857
1650368261592, -0.0423654, -0.0188401, -0.0790857
1650368261593, -0.0423654, -0.0188401, -0.0790857
1650368261594, -0.0423654, -0.0188401, -0.0790857
1650368261595, -0.0423654, -0.0188401, -0.0790857
1650368261596, -0.0423654, -0.0188401, -0.0790857
1650368261597, -0.0423654, -0.0188401, -0.0790857
1650368261598, -0.0423654, -0.0188401, -0.0790857
1650368261599, -0.0423654, -0.0188401, -0.0790857
1650368261600, -0.0423654, -0.0188401, -0.0790857
1650368261601, -0.0423654, -0.0188401, -0.0790857
1650368261602, -0.0423654, -0.0188401, -0.0790857
1650368261602, -0.0423654, -0.0188401, -0.0790857
1650368261603, -0.0423654, -0.0188401, -0.0790857
1650368261605, -0.0423654, -0.0188401, -0.0790857
1650368261606, -0.0423654, -0.0188401, -0.0790857
1650368261607, -0.0423654, -0.0188401, -0.0790857
1650368261607, -0.0423654, -0.0188401, -0.0790857
1650368261608, -0.0423654, -0.0188401, -0.0790857
1650368261610, -0.0423654, -0.0188401, -0.0790857
1650368261610, -0.0423654, -0.0188401, -0.0790857
1650368261611, -0.0423654, -0.0188401, -0.0790857
1650368261612, -0.0423654, -0.0188401, -0.0790857
1650368261613, -0.0423654, -0.0188401, -0.0790857
1650368261614, -0.0423654, -0.0188401, -0.0790857
1650368261616, -0.0423654, -0.0188401, -0.0790857
1650368261617, -0.0423654, -0.0188401, -0.0790857
1650368261617, -0.0423654, -0.0188401, -0.0790857
1650368261618, -0.0423654, -0.0188401, -0.0790857
1650368261620, -0.0423654, -0.0188401, -0.0790857
1650368261621, -0.0423654, -0.0188401, -0.0790857
1650368261622, -0.0423654, -0.0188401, -0.0790857
1650368261623, -0.0423654, -0.0188401, -0.0790857
1650368261624, -0.0423654, -0.0188401, -0.0790857
1650368261625, -0.0423654, -0.0188401, -0.0790857
1650368261626, -0.0423654, -0.0188401, -0.0790857
1650368261627, -0.0423654, -0.0188401, -0.0790857
1650368261628, -0.0423654, -0.0188401, -0.0790857
1650368261628, -0.0423654, -0.0188401, -0.0790857
1650368261630, -0.0423654, -0.0188401, -0.0790857
1650368261631, -0.0423654, -0.0188401, -0.0790857
1650368261632, -0.0423654, -0.0188401, -0.0790857
1650368261633, -0.0423654, -0.0188401, -0.0790857
1650368261639, -0.0423654, -0.0188401, -0.0790857
1650368261642, -0.0423654, -0.0188401, -0.0790857
1650368261644, -0.0423654, -0.0188401, -0.0790857
1650368261645, -0.0423654, -0.0188401, -0.0790857
1650368261646, -0.0423654, -0.0188401, -0.0790857
1650368261648, -0.0423654, -0.0188401, -0.0790857
1650368261650, -0.0423654, -0.0188401, -0.0790857
1650368261650, -0.0423654, -0.0188401, -0.0790857
1650368261651, -0.0423654, -0.0188401, -0.0790857
1650368261652, -0.0423654, -0.0188401, -0.0790857
1650368261653, -0.0423654, -0.0188401, -0.0790857
1650368261657, -0.0423654, -0.0188401, -0.0790857
1650368261657, -0.0423654, -0.0188401, -0.0790857
1650368261658, -0.0423654, -0.0188401, -0.0790857
1650368261659, -0.0423654, -0.0188401, -0.0790857
1650368261661, -0.0423654, -0.0188401, -0.0790857
1650368261662, -0.0423654, -0.0188401, -0.0790857
1650368261663, -0.0423654, -0.0188401, -0.0790857
1650368261664, -0.0423654, -0.0188401, -0.0790857
1650368261665, -0.0423654, -0.0188401, -0.0790857
1650368261666, -0.0423654, -0.0188401, -0.0790857
1650368261667, -0.0423654, -0.0188401, -0.0790857
1650368261669, -0.0423654, -0.0188401, -0.0790857
1650368261670, -0.0423654, -0.0188401, -0.0790857
1650368261671, -0.0423654, -0.0188401, -0.0790857
1650368261674, -0.0423654, -0.0188401, -0.0790857
1650368261675, -0.0423654, -0.0188401, -0.0790857
1650368261677, -0.0423654, -0.0188401, -0.0790857
1650368261677, -0.0423654, -0.0188401, -0.0790857
1650368261678, -0.0423654, -0.0188401, -0.0790857
1650368261679, -0.0423654, -0.0188401, -0.0790857
1650368261680, -0.0423654, -0.0188401, -0.0790857
1650368261681, -0.0423654, -0.0188401, -0.0790857
1650368261682, -0.0423654, -0.0188401, -0.0790857
1650368261683, -0.0423654, -0.0188401, -0.0790857
1650368261684, -0.0423654, -0.0188401, -0.0790857
1650368261685, -0.0423654, -0.0188401, -0.0790857
1650368261686, -0.0423654, -0.0188401, -0.0790857
1650368261687, -0.0423654, -0.0188401, -0.0790857
1650368261689, -0.0423654, -0.0188401, -0.0790857
1650368261690, -0.0423654, -0.0188401, -0.0790857
1650368261691, -0.0423654, -0.0188401, -0.0790857
1650368261692, -0.0423654, -0.0188401, -0.0790857
1650368261693, -0.0423654, -0.0188401, -0.0790857
1650368261694, -0.0423654, -0.0188401, -0.0790857
1650368261695, -0.0423654, -0.0188401, -0.0790857
1650368261696, -0.0423654, -0.0188401, -0.0790857
1650368261697, -0.0423654, -0.0188401, -0.0790857
1650368261698, -0.0423654, -0.0188401, -0.0790857
1650368261699, -0.0423654, -0.0188401, -0.0790857
1650368261700, -0.0423654, -0.0188401, -0.0790857
1650368261701, -0.0423654, -0.0188401, -0.0790857
1650368261702, -0.0423654, -0.0188401, -0.0790857
1650368261703, -0.0423654, -0.0188401, -0.0790857
1650368261706, -0.0423654, -0.0188401, -0.0790857
1650368261707, -0.0423654, -0.0188401, -0.0790857
1650368261708, -0.0423654, -0.0188401, -0.0790857
1650368261709, -0.0423654, -0.0188401, -0.0790857
1650368261710, -0.0423654, -0.0188401, -0.0790857
1650368261711, -0.0423654, -0.0188401, -0.0790857
1650368261712, -0.0423654, -0.0188401, -0.0790857
1650368261713, -0.0423654, -0.0188401, -0.0790857
1650368261714, -0.0423654, -0.0188401, -0.0790857
1650368261715, -0.0423654, -0.0188401, -0.0790857
1650368261716, -0.0423654, -0.0188401, -0.0790857
1650368261717, -0.0423654, -0.0188401, -0.0790857
1650368261718, -0.0423654, -0.0188401, -0.0790857
1650368261719, -0.0423654, -0.0188401, -0.0790857
1650368261720, -0.0423654, -0.0188401, -0.0790857
1650368261722, -0.0423654, -0.0188401, -0.0790857
1650368261723, -0.0423654, -0.0188401, -0.0790857
1650368261724, -0.0423654, -0.0188401, -0.0790857
1650368261725, -0.0423654, -0.0188401, -0.0790857
1650368261726, -0.0423654, -0.0188401, -0.0790857
1650368261727, -0.0423654, -0.0188401, -0.0790857
1650368261728, -0.0423654, -0.0188401, -0.0790857
1650368261729, -0.0423654, -0.0188401, -0.0790857
1650368261730, -0.0423654, -0.0188401, -0.0790857
1650368261731, -0.0423654, -0.0188401, -0.0790857
1650368261732, -0.0423654, -0.0188401, -0.0790857
1650368261733, -0.0423654, -0.0188401, -0.0790857
1650368261734, -0.0423654, -0.0188401, -0.0790857
1650368261736, -0.0423654, -0.0188401, -0.0790857
1650368261736, -0.0423654, -0.0188401, -0.0790857
1650368261741, -0.0423654, -0.0188401, -0.0790857
1650368261741, -0.0423654, -0.0188401, -0.0790857
1650368261742, -0.0423654, -0.0188401, -0.0790857
1650368261743, -0.0423654, -0.0188401, -0.0790857
1650368261743, -0.0423654, -0.0188401, -0.0790857
1650368261744, -0.0423654, -0.0188401, -0.0790857
1650368261746, -0.0423654, -0.0188401, -0.0790857
1650368261747, -0.0423654, -0.0188401, -0.0790857
1650368261748, -0.0423654, -0.0188401, -0.0790857
1650368261749, -0.0423654, -0.0188401, -0.0790857
1650368261750, -0.0423654, -0.0188401, -0.0790857
1650368261750, -0.0423654, -0.0188401, -0.0790857
1650368261752, -0.0423654, -0.0188401, -0.0790857
1650368261753, -0.0423654, -0.0188401, -0.0790857
1650368261754, -0.0423654, -0.0188401, -0.0790857
1650368261755, -0.0423654, -0.0188401, -0.0790857
1650368261756, -0.0423654, -0.0188401, -0.0790857
1650368261757, -0.0423654, -0.0188401, -0.0790857
1650368261759, -0.0423654, -0.0188401, -0.0790857
1650368261760, -0.0423654, -0.0188401, -0.0790857
1650368261761, -0.0423654, -0.0188401, -0.0790857
1650368261762, -0.0423654, -0.0188401, -0.0790857
1650368261763, -0.0423654, -0.0188401, -0.0790857
1650368261764, -0.0423654, -0.0188401, -0.0790857
1650368261765, -0.0423654, -0.0188401, -0.0790857
1650368261766, -0.0423654, -0.0188401, -0.0790857
1650368261767, -0.0423654, -0.0188401, -0.0790857
1650368261768, -0.0423654, -0.0188401, -0.0790857
1650368261769, -0.0423654, -0.0188401, -0.0790857
1650368261770, -0.0423654, -0.0188401, -0.0790857
1650368261771, -0.0423654, -0.0188401, -0.0790857
1650368261772, -0.0423654, -0.0188401, -0.0790857
1650368261773, -0.0423654, -0.0188401, -0.0790857
1650368261774, -0.0423654, -0.0188401, -0.0790857
1650368261775, -0.0423654, -0.0188401, -0.0790857
1650368261776, -0.0423654, -0.0188401, -0.0790857
1650368261777, -0.0423654, -0.0188401, -0.0790857
1650368261778, -0.0423654, -0.0188401, -0.0790857
1650368261779, -0.0423654, -0.0188401, -0.0790857
1650368261780, -0.0423654, -0.0188401, -0.0790857
1650368261781, -0.0423654, -0.0188401, -0.0790857
1650368261782, -0.0423654, -0.0188401, -0.0790857
1650368261783, -0.0423654, -0.0188401, -0.0790857
1650368261784, -0.0423654, -0.0188401, -0.0790857
1650368261785, -0.0423654, -0.0188401, -0.0790857
1650368261786, -0.0423654, -0.0188401, -0.0790857
1650368261787, -0.0423654, -0.0188401, -0.0790857
1650368261788, -0.0423654, -0.0188401, -0.0790857
1650368261789, -0.0423654, -0.0188401, -0.0790857
1650368261790, -0.0423654, -0.0188401, -0.0790857
1650368261791, -0.0423654, -0.0188401, -0.0790857
1650368261792, -0.0423654, -0.0188401, -0.0790857
1650368261797, -0.0423654, -0.0188401, -0.0790857
1650368261797, -0.0423654, -0.0188401, -0.0790857
1650368261798, -0.0423654, -0.0188401, -0.0790857
1650368261799, -0.0423654, -0.0188401, -0.0790857
1650368261800, -0.0423654, -0.0188401, -0.0790857
1650368261801, -0.0423654, -0.0188401, -0.0790857
1650368261802, -0.0423654, -0.0188401, -0.0790857
1650368261803, -0.0423654, -0.0188401, -0.0790857
1650368261804, -0.0423654, -0.0188401, -0.0790857
1650368261805, -0.0423654, -0.0188401, -0.0790857
1650368261806, -0.0423654, -0.0188401, -0.0790857
1650368261807, -0.0423654, -0.0188401, -0.0790857
1650368261808, -0.0423654, -0.0188401, -0.0790857
1650368261809, -0.0423654, -0.0188401, -0.0790857
1650368261810, -0.0423654, -0.0188401, -0.0790857
1650368261811, -0.0423654, -0.0188401, -0.0790857
1650368261812, -0.0423654, -0.0188401, -0.0790857
1650368261813, -0.0423654, -0.0188401, -0.0790857
1650368261818, -0.0423654, -0.0188401, -0.0790857
1650368261819, -0.0423654, -0.0188401, -0.0790857
1650368261820, -0.0423654, -0.0188401, -0.0790857
1650368261821, -0.0423654, -0.0188401, -0.0790857
1650368261822, -0.0423654, -0.0188401, -0.0790857
1650368261823, -0.0423654, -0.0188401, -0.0790857
1650368261824, -0.0423654, -0.0188401, -0.0790857
1650368261825, -0.0423654, -0.0188401, -0.0790857
1650368261826, -0.0423654, -0.0188401, -0.0790857
1650368261827, -0.0423654, -0.0188401, -0.0790857
1650368261828, -0.0423654, -0.0188401, -0.0790857
1650368261829, -0.0423654, -0.0188401, -0.0790857
1650368261830, -0.0423654, -0.0188401, -0.0790857
1650368261831, -0.0423654, -0.0188401, -0.0790857
1650368261832, -0.0423654, -0.0188401, -0.0790857
1650368261833, -0.0423654, -0.0188401, -0.0790857
1650368261836, -0.0423654, -0.0188401, -0.0790857
1650368261837, -0.0423654, -0.0188401, -0.0790857
1650368261838, -0.0423654, -0.0188401, -0.0790857
1650368261839, -0.0423654, -0.0188401, -0.0790857
1650368261840, -0.0423654, -0.0188401, -0.0790857
1650368261841, -0.0423654, -0.0188401, -0.0790857
1650368261842, -0.0423654, -0.0188401, -0.0790857
1650368261843, -0.0423654, -0.0188401, -0.0790857
1650368261844, -0.0423654, -0.0188401, -0.0790857
1650368261845, -0.0423654, -0.0188401, -0.0790857
1650368261846, -0.0423654, -0.0188401, -0.0790857
1650368261847, -0.0423654, -0.0188401, -0.0790857
1650368261848, -0.0423654, -0.0188401, -0.0790857
1650368261849, -0.0423654, -0.0188401, -0.0790857
1650368261850, -0.0423654, -0.0188401, -0.0790857
1650368261851, -0.0423654, -0.0188401, -0.0790857
1650368261852, -0.0423654, -0.0188401, -0.0790857
1650368261853, -0.0423654, -0.0188401, -0.0790857
1650368261854, -0.0423654, -0.0188401, -0.0790857
1650368261861, -0.0423654, -0.0188401, -0.0790857
1650368261862, -0.0423654, -0.0188401, -0.0790857
1650368261863, -0.0423654, -0.0188401, -0.0790857
1650368261864, -0.0423654, -0.0188401, -0.0790857
1650368261865, -0.0423654, -0.0188401, -0.0790857
1650368261866, -0.0423654, -0.0188401, -0.0790857
1650368261867, -0.0423654, -0.0188401, -0.0790857
1650368261868, -0.0423654, -0.0188401, -0.0790857
1650368261869, -0.0423654, -0.0188401, -0.0790857
1650368261870, -0.0423654, -0.0188401, -0.0790857
1650368261871, -0.0423654, -0.0188401, -0.0790857
1650368261872, -0.0423654, -0.0188401, -0.0790857
1650368261873, -0.0423654, -0.0188401, -0.0790857
1650368261874, -0.0423654, -0.0188401, -0.0790857
1650368261875, -0.0423654, -0.0188401, -0.0790857
1650368261876, -0.0423654, -0.0188401, -0.0790857
1650368261877, -0.0423654, -0.0188401, -0.0790857
1650368261878, -0.0423654, -0.0188401, -0.0790857
1650368261879, -0.0423654, -0.0188401, -0.0790857
1650368261880, -0.0423654, -0.0188401, -0.0790857
1650368261882, -0.0423654, -0.0188401, -0.0790857
1650368261884, -0.0423654, -0.0188401, -0.0790857
1650368261884, -0.0423654, -0.0188401, -0.0790857
1650368261885, -0.0423654, -0.0188401, -0.0790857
1650368261890, -0.0423654, -0.0188401, -0.0790857
1650368261890, -0.0423654, -0.0188401, -0.0790857
1650368261891, -0.0423654, -0.0188401, -0.0790857
1650368261892, -0.0423654, -0.0188401, -0.0790857
1650368261893, -0.0423654, -0.0188401, -0.0790857
1650368261894, -0.0423654, -0.0188401, -0.0790857
1650368261895, -0.0423654, -0.0188401, -0.0790857
1650368261896, -0.0423654, -0.0188401, -0.0790857
1650368261897, -0.0423654, -0.0188401, -0.0790857
1650368261898, -0.0423654, -0.0188401, -0.0790857
1650368261899, -0.0423654, -0.0188401, -0.0790857
1650368261900, -0.0423654, -0.0188401, -0.0790857
1650368261901, -0.0423654, -0.0188401, -0.0790857
1650368261902, -0.0423654, -0.0188401, -0.0790857
1650368261903, -0.0423654, -0.0188401, -0.0790857
1650368261904, -0.0423654, -0.0188401, -0.0790857
1650368261905, -0.0423654, -0.0188401, -0.0790857
1650368261906, -0.0423654, -0.0188401, -0.0790857
1650368261908, -0.0423654, -0.0188401, -0.0790857
1650368261913, -0.0423654, -0.0188401, -0.0790857
1650368261913, -0.0423654, -0.0188401, -0.0790857
1650368261914, -0.0423654, -0.0188401, -0.0790857
1650368261915, -0.0423654, -0.0188401, -0.0790857
1650368261916, -0.0423654, -0.0188401, -0.0790857
1650368261917, -0.0423654, -0.0188401, -0.0790857
1650368261918, -0.0423654, -0.0188401, -0.0790857
1650368261920, -0.0423654, -0.0188401, -0.0790857
1650368261920, -0.0423654, -0.0188401, -0.0790857
1650368261921, -0.0423654, -0.0188401, -0.0790857
1650368261922, -0.0423654, -0.0188401, -0.0790857
1650368261923, -0.0423654, -0.0188401, -0.0790857
1650368261925, -0.0423654, -0.0188401, -0.0790857
1650368261925, -0.0423654, -0.0188401, -0.0790857
1650368261926, -0.0423654, -0.0188401, -0.0790857
1650368261927, -0.0423654, -0.0188401, -0.0790857
1650368261929, -0.0423654, -0.0188401, -0.0790857
1650368261931, -0.0423654, -0.0188401, -0.0790857
1650368261931, -0.0423654, -0.0188401, -0.0790857
1650368261932, -0.0423654, -0.0188401, -0.0790857
1650368261933, -0.0423654, -0.0188401, -0.0790857
1650368261935, -0.0423654, -0.0188401, -0.0790857
1650368261936, -0.0423654, -0.0188401, -0.0790857
1650368261936, -0.0423654, -0.0188401, -0.0790857
1650368261939, -0.0423654, -0.0188401, -0.0790857
1650368261939, -0.0423654, -0.0188401, -0.0790857
1650368261940, -0.0423654, -0.0188401, -0.0790857
1650368261945, -0.0423654, -0.0188401, -0.0790857
1650368261947, -0.0423654, -0.0188401, -0.0790857
1650368261947, -0.0423654, -0.0188401, -0.0790857
1650368261948, -0.0423654, -0.0188401, -0.0790857
1650368261949, -0.0423654, -0.0188401, -0.0790857
1650368261950, -0.0423654, -0.0188401, -0.0790857
1650368261951, -0.0423654, -0.0188401, -0.0790857
1650368261953, -0.0423654, -0.0188401, -0.0790857
1650368261953, -0.0423654, -0.0188401, -0.0790857
1650368261955, -0.0423654, -0.0188401, -0.0790857
1650368261955, -0.0423654, -0.0188401, -0.0790857
1650368261956, -0.0423654, -0.0188401, -0.0790857
1650368261958, -0.0423654, -0.0188401, -0.0790857
1650368261959, -0.0423654, -0.0188401, -0.0790857
1650368261959, -0.0423654, -0.0188401, -0.0790857
1650368261961, -0.0423654, -0.0188401, -0.0790857
1650368261962, -0.0423654, -0.0188401, -0.0790857
1650368261962, -0.0423654, -0.0188401, -0.0790857
1650368261963, -0.0423654, -0.0188401, -0.0790857
1650368261965, -0.0423654, -0.0188401, -0.0790857
1650368261966, -0.0423654, -0.0188401, -0.0790857
1650368261967, -0.0423654, -0.0188401, -0.0790857
1650368261972, -0.0423654, -0.0188401, -0.0790857
1650368261972, -0.0423654, -0.0188401, -0.0790857
1650368261973, -0.0423654, -0.0188401, -0.0790857
1650368261974, -0.0423654, -0.0188401, -0.0790857
1650368261975, -0.0423654, -0.0188401, -0.0790857
1650368261976, -0.0423654, -0.0188401, -0.0790857
1650368261977, -0.0423654, -0.0188401, -0.0790857
1650368261978, -0.0424191, -0.0188321, -0.0790847
1650368261979, -0.0424191, -0.0188321, -0.0790847
1650368261980, -0.0424191, -0.0188321, -0.0790847
1650368261981, -0.0424191, -0.0188321, -0.0790847
1650368261982, -0.0424191, -0.0188321, -0.0790847
1650368261983, -0.0424191, -0.0188321, -0.0790847
1650368261984, -0.0424191, -0.0188321, -0.0790847
1650368261990, -0.0424191, -0.0188321, -0.0790847
1650368261990, -0.0424191, -0.0188321, -0.0790847
1650368261991, -0.0424191, -0.0188321, -0.0790847
1650368261992, -0.0424191, -0.0188321, -0.0790847
1650368261993, -0.0424191, -0.0188321, -0.0790847
1650368261994, -0.0424191, -0.0188321, -0.0790847
1650368262000, -0.0424191, -0.0188321, -0.0790847
1650368262001, -0.0424191, -0.0188321, -0.0790847
1650368262002, -0.0424191, -0.0188321, -0.0790847
1650368262003, -0.0424191, -0.0188321, -0.0790847
1650368262004, -0.0424191, -0.0188321, -0.0790847
1650368262005, -0.0424191, -0.0188321, -0.0790847
1650368262006, -0.0424191, -0.0188321, -0.0790847
1650368262007, -0.0424191, -0.0188321, -0.0790847
1650368262008, -0.0424191, -0.0188321, -0.0790847
1650368262009, -0.0424191, -0.0188321, -0.0790847
1650368262010, -0.0424191, -0.0188321, -0.0790847
1650368262011, -0.0424191, -0.0188321, -0.0790847
1650368262012, -0.0424191, -0.0188321, -0.0790847
1650368262013, -0.0424191, -0.0188321, -0.0790847
1650368262014, -0.0424191, -0.0188321, -0.0790847
1650368262016, -0.0424191, -0.0188321, -0.0790847
1650368262019, -0.0424191, -0.0188321, -0.0790847
1650368262019, -0.0424191, -0.0188321, -0.0790847
1650368262025, -0.0424191, -0.0188321, -0.0790847
1650368262026, -0.0424191, -0.0188321, -0.0790847
1650368262027, -0.0424191, -0.0188321, -0.0790847
1650368262028, -0.0424191, -0.0188321, -0.0790847
1650368262029, -0.0424191, -0.0188321, -0.0790847
1650368262030, -0.0424191, -0.0188321, -0.0790847
1650368262031, -0.0424191, -0.0188321, -0.0790847
1650368262032, -0.0424191, -0.0188321, -0.0790847
1650368262033, -0.0424191, -0.0188321, -0.0790847
1650368262034, -0.0424191, -0.0188321, -0.0790847
1650368262035, -0.0424191, -0.0188321, -0.0790847
1650368262036, -0.0424191, -0.0188321, -0.0790847
1650368262037, -0.0424191, -0.0188321, -0.0790847
1650368262038, -0.0424191, -0.0188321, -0.0790847
1650368262039, -0.0424191, -0.0188321, -0.0790847
1650368262040, -0.0424191, -0.0188321, -0.0790847
1650368262041, -0.0424191, -0.0188321, -0.0790847
1650368262042, -0.0424191, -0.0188321, -0.0790847
1650368262043, -0.0424191, -0.0188321, -0.0790847
1650368262044, -0.0424191, -0.0188321, -0.0790847
1650368262046, -0.0424191, -0.0188321, -0.0790847
1650368262047, -0.0424191, -0.0188321, -0.0790847
1650368262048, -0.0424191, -0.0188321, -0.0790847
1650368262049, -0.0424191, -0.0188321, -0.0790847
1650368262050, -0.0424191, -0.0188321, -0.0790847
1650368262051, -0.0424191, -0.0188321, -0.0790847
1650368262052, -0.0424191, -0.0188321, -0.0790847
1650368262053, -0.0424191, -0.0188321, -0.0790847
1650368262054, -0.0424191, -0.0188321, -0.0790847
1650368262055, -0.0424191, -0.0188321, -0.0790847
1650368262056, -0.0424191, -0.0188321, -0.0790847
1650368262057, -0.0424191, -0.0188321, -0.0790847
1650368262058, -0.0424191, -0.0188321, -0.0790847
1650368262064, -0.0424191, -0.0188321, -0.0790847
1650368262064, -0.0424191, -0.0188321, -0.0790847
1650368262065, -0.0424191, -0.0188321, -0.0790847
1650368262066, -0.0424191, -0.0188321, -0.0790847
1650368262067, -0.0424191, -0.0188321, -0.0790847
1650368262068, -0.0424191, -0.0188321, -0.0790847
1650368262069, -0.0424191, -0.0188321, -0.0790847
1650368262070, -0.0424191, -0.0188321, -0.0790847
1650368262071, -0.0424191, -0.0188321, -0.0790847
1650368262072, -0.0424191, -0.0188321, -0.0790847
1650368262073, -0.0424191, -0.0188321, -0.0790847
1650368262074, -0.0424191, -0.0188321, -0.0790847
1650368262075, -0.0424191, -0.0188321, -0.0790847
1650368262076, -0.0424191, -0.0188321, -0.0790847
1650368262077, -0.0424191, -0.0188321, -0.0790847
1650368262078, -0.0424191, -0.0188321, -0.0790847
1650368262079, -0.0424191, -0.0188321, -0.0790847
1650368262080, -0.0424191, -0.0188321, -0.0790847
1650368262082, -0.0424191, -0.0188321, -0.0790847
1650368262082, -0.0424191, -0.0188321, -0.0790847
1650368262083, -0.0424191, -0.0188321, -0.0790847
1650368262084, -0.0424191, -0.0188321, -0.0790847
1650368262085, -0.0424191, -0.0188321, -0.0790847
1650368262091, -0.0424191, -0.0188321, -0.0790847
1650368262097, -0.0424191, -0.0188321, -0.0790847
1650368262098, -0.0424191, -0.0188321, -0.0790847
1650368262099, -0.0424191, -0.0188321, -0.0790847
1650368262100, -0.0424191, -0.0188321, -0.0790847
1650368262101, -0.0424191, -0.0188321, -0.0790847
1650368262102, -0.0424191, -0.0188321, -0.0790847
1650368262103, -0.0424191, -0.0188321, -0.0790847
1650368262104, -0.0424191, -0.0188321, -0.0790847
1650368262105, -0.0424191, -0.0188321, -0.0790847
1650368262106, -0.0424191, -0.0188321, -0.0790847
1650368262107, -0.0424191, -0.0188321, -0.0790847
1650368262108, -0.0424191, -0.0188321, -0.0790847
1650368262109, -0.0424191, -0.0188321, -0.0790847
1650368262110, -0.0424191, -0.0188321, -0.0790847
1650368262111, -0.0424191, -0.0188321, -0.0790847
1650368262112, -0.0424191, -0.0188321, -0.0790847
1650368262113, -0.0424191, -0.0188321, -0.0790847
1650368262114, -0.0424191, -0.0188321, -0.0790847
1650368262115, -0.0424191, -0.0188321, -0.0790847
1650368262116, -0.0424191, -0.0188321, -0.0790847
1650368262117, -0.0424191, -0.0188321, -0.0790847
1650368262119, -0.0424191, -0.0188321, -0.0790847
1650368262119, -0.0424191, -0.0188321, -0.0790847
1650368262121, -0.0424191, -0.0188321, -0.0790847
1650368262122, -0.0424191, -0.0188321, -0.0790847
1650368262123, -0.0424191, -0.0188321, -0.0790847
1650368262123, -0.0424191, -0.0188321, -0.0790847
1650368262124, -0.0424191, -0.0188321, -0.0790847
1650368262125, -0.0424191, -0.0188321, -0.0790847
1650368262126, -0.0424191, -0.0188321, -0.0790847
1650368262127, -0.0424191, -0.0188321, -0.0790847
1650368262128, -0.0424191, -0.0188321, -0.0790847
1650368262129, -0.0424191, -0.0188321, -0.0790847
1650368262131, -0.0424191, -0.0188321, -0.0790847
1650368262131, -0.0424191, -0.0188321, -0.0790847
1650368262132, -0.0424191, -0.0188321, -0.0790847
1650368262133, -0.0424191, -0.0188321, -0.0790847
1650368262134, -0.0424191, -0.0188321, -0.0790847
1650368262135, -0.0424191, -0.0188321, -0.0790847
1650368262141, -0.0424191, -0.0188321, -0.0790847
1650368262142, -0.0424191, -0.0188321, -0.0790847
1650368262143, -0.0424191, -0.0188321, -0.0790847
1650368262144, -0.0424191, -0.0188321, -0.0790847
1650368262145, -0.0424191, -0.0188321, -0.0790847
1650368262146, -0.0424191, -0.0188321, -0.0790847
1650368262147, -0.0424191, -0.0188321, -0.0790847
1650368262148, -0.0424191, -0.0188321, -0.0790847
1650368262149, -0.0424191, -0.0188321, -0.0790847
1650368262150, -0.0424191, -0.0188321, -0.0790847
1650368262151, -0.0424191, -0.0188321, -0.0790847
1650368262152, -0.0424191, -0.0188321, -0.0790847
1650368262157, -0.0424191, -0.0188321, -0.0790847
1650368262158, -0.0424191, -0.0188321, -0.0790847
1650368262159, -0.0424191, -0.0188321, -0.0790847
1650368262160, -0.0424191, -0.0188321, -0.0790847
1650368262162, -0.0424191, -0.0188321, -0.0790847
1650368262163, -0.0424191, -0.0188321, -0.0790847
1650368262164, -0.0424191, -0.0188321, -0.0790847
1650368262165, -0.0424191, -0.0188321, -0.0790847
1650368262166, -0.0424191, -0.0188321, -0.0790847
1650368262167, -0.0424191, -0.0188321, -0.0790847
1650368262168, -0.0424191, -0.0188321, -0.0790847
1650368262169, -0.0424191, -0.0188321, -0.0790847
1650368262170, -0.0424191, -0.0188321, -0.0790847
1650368262171, -0.0424191, -0.0188321, -0.0790847
1650368262172, -0.0424191, -0.0188321, -0.0790847
1650368262173, -0.0424191, -0.0188321, -0.0790847
1650368262174, -0.0424191, -0.0188321, -0.0790847
1650368262175, -0.0424191, -0.0188321, -0.0790847
1650368262176, -0.0424191, -0.0188321, -0.0790847
1650368262177, -0.0424191, -0.0188321, -0.0790847
1650368262178, -0.0424191, -0.0188321, -0.0790847
1650368262179, -0.0424191, -0.0188321, -0.0790847
1650368262179, -0.0424191, -0.0188321, -0.0790847
1650368262181, -0.0424191, -0.0188321, -0.0790847
1650368262181, -0.0424191, -0.0188321, -0.0790847
1650368262183, -0.0424191, -0.0188321, -0.0790847
1650368262184, -0.0424191, -0.0188321, -0.0790847
1650368262184, -0.0424191, -0.0188321, -0.0790847
1650368262185, -0.0424191, -0.0188321, -0.0790847
1650368262186, -0.0424191, -0.0188321, -0.0790847
1650368262187, -0.0424191, -0.0188321, -0.0790847
1650368262188, -0.0424191, -0.0188321, -0.0790847
1650368262189, -0.0424191, -0.0188321, -0.0790847
1650368262191, -0.0424191, -0.0188321, -0.0790847
1650368262192, -0.0424191, -0.0188321, -0.0790847
1650368262193, -0.0424191, -0.0188321, -0.0790847
1650368262199, -0.0424191, -0.0188321, -0.0790847
1650368262200, -0.0424191, -0.0188321, -0.0790847
1650368262201, -0.0424191, -0.0188321, -0.0790847
1650368262202, -0.0424191, -0.0188321, -0.0790847
1650368262203, -0.0424191, -0.0188321, -0.0790847
1650368262204, -0.0424191, -0.0188321, -0.0790847
1650368262205, -0.0424191, -0.0188321, -0.0790847
1650368262206, -0.0424191, -0.0188321, -0.0790847
1650368262207, -0.0424191, -0.0188321, -0.0790847
1650368262208, -0.0424191, -0.0188321, -0.0790847
1650368262209, -0.0424316, -0.0188302, -0.0790318
1650368262210, -0.0424316, -0.0188302, -0.0790318
1650368262213, -0.0424316, -0.0188302, -0.0790318
1650368262213, -0.0424316, -0.0188302, -0.0790318
1650368262214, -0.0424316, -0.0188302, -0.0790318
1650368262216, -0.0424316, -0.0188302, -0.0790318
1650368262219, -0.0424316, -0.0188302, -0.0790318
1650368262220, -0.0424316, -0.0188302, -0.0790318
1650368262221, -0.0424316, -0.0188302, -0.0790318
1650368262222, -0.0424316, -0.0188302, -0.0790318
1650368262228, -0.0424316, -0.0188302, -0.0790318
1650368262228, -0.0424316, -0.0188302, -0.0790318
1650368262229, -0.0424316, -0.0188302, -0.0790318
1650368262230, -0.0424316, -0.0188302, -0.0790318
1650368262231, -0.0424316, -0.0188302, -0.0790318
1650368262232, -0.0424316, -0.0188302, -0.0790318
1650368262233, -0.0424316, -0.0188302, -0.0790318
1650368262234, -0.0424316, -0.0188302, -0.0790318
1650368262235, -0.0424316, -0.0188302, -0.0790318
1650368262236, -0.0424316, -0.0188302, -0.0790318
1650368262237, -0.0424316, -0.0188302, -0.0790318
1650368262238, -0.0424316, -0.0188302, -0.0790318
1650368262239, -0.0424316, -0.0188302, -0.0790318
1650368262240, -0.0424316, -0.0188302, -0.0790318
1650368262241, -0.0424316, -0.0188302, -0.0790318
1650368262242, -0.0424316, -0.0188302, -0.0790318
1650368262243, -0.0424316, -0.0188302, -0.0790318
1650368262244, -0.0424316, -0.0188302, -0.0790318
1650368262247, -0.0424316, -0.0188302, -0.0790318
1650368262248, -0.0424316, -0.0188302, -0.0790318
1650368262249, -0.0424316, -0.0188302, -0.0790318
1650368262255, -0.0424316, -0.0188302, -0.0790318
1650368262256, -0.0424316, -0.0188302, -0.0790318
1650368262257, -0.0424316, -0.0188302, -0.0790318
1650368262258, -0.0424316, -0.0188302, -0.0790318
1650368262259, -0.0424316, -0.0188302, -0.0790318
1650368262260, -0.0424316, -0.0188302, -0.0790318
1650368262261, -0.0424316, -0.0188302, -0.0790318
1650368262262, -0.0424316, -0.0188302, -0.0790318
1650368262263, -0.0424316, -0.0188302, -0.0790318
1650368262264, -0.0424316, -0.0188302, -0.0790318
1650368262265, -0.0424316, -0.0188302, -0.0790318
1650368262266, -0.0424316, -0.0188302, -0.0790318
1650368262267, -0.0424316, -0.0188302, -0.0790318
1650368262268, -0.0424316, -0.0188302, -0.0790318
1650368262269, -0.0424316, -0.0188302, -0.0790318
1650368262270, -0.0424316, -0.0188302, -0.0790318
1650368262272, -0.0424316, -0.0188302, -0.0790318
1650368262273, -0.0424316, -0.0188302, -0.0790318
1650368262274, -0.0424316, -0.0188302, -0.0790318
1650368262275, -0.0424316, -0.0188302, -0.0790318
1650368262276, -0.0424316, -0.0188302, -0.0790318
1650368262281, -0.0424316, -0.0188302, -0.0790318
1650368262282, -0.0424316, -0.0188302, -0.0790318
1650368262283, -0.0424316, -0.0188302, -0.0790318
1650368262284, -0.0424316, -0.0188302, -0.0790318
1650368262285, -0.0424316, -0.0188302, -0.0790318
1650368262286, -0.0424316, -0.0188302, -0.0790318
1650368262287, -0.0424316, -0.0188302, -0.0790318
1650368262288, -0.0424316, -0.0188302, -0.0790318
1650368262289, -0.0424316, -0.0188302, -0.0790318
1650368262290, -0.0424316, -0.0188302, -0.0790318
1650368262291, -0.0424316, -0.0188302, -0.0790318
1650368262292, -0.0424316, -0.0188302, -0.0790318
1650368262293, -0.0424316, -0.0188302, -0.0790318
1650368262294, -0.0424316, -0.0188302, -0.0790318
1650368262295, -0.0424316, -0.0188302, -0.0790318
1650368262296, -0.0424316, -0.0188302, -0.0790318
1650368262297, -0.0424316, -0.0188302, -0.0790318
1650368262298, -0.0424316, -0.0188302, -0.0790318
1650368262299, -0.0424316, -0.0188302, -0.0790318
1650368262309, -0.0424316, -0.0188302, -0.0790318
1650368262309, -0.0424316, -0.0188302, -0.0790318
1650368262310, -0.0424316, -0.0188302, -0.0790318
1650368262311, -0.0424316, -0.0188302, -0.0790318
1650368262312, -0.0424316, -0.0188302, -0.0790318
1650368262313, -0.0424316, -0.0188302, -0.0790318
1650368262314, -0.0424316, -0.0188302, -0.0790318
1650368262315, -0.0424316, -0.0188302, -0.0790318
1650368262316, -0.0424316, -0.0188302, -0.0790318
1650368262317, -0.0424316, -0.0188302, -0.0790318
1650368262318, -0.0424316, -0.0188302, -0.0790318
1650368262319, -0.0424316, -0.0188302, -0.0790318
1650368262320, -0.0424316, -0.0188302, -0.0790318
1650368262329, -0.0424316, -0.0188302, -0.0790318
1650368262329, -0.0424316, -0.0188302, -0.0790318
1650368262330, -0.0424316, -0.0188302, -0.0790318
1650368262331, -0.0424316, -0.0188302, -0.0790318
1650368262332, -0.0424316, -0.0188302, -0.0790318
1650368262333, -0.0424316, -0.0188302, -0.0790318
1650368262334, -0.0424316, -0.0188302, -0.0790318
1650368262335, -0.0424316, -0.0188302, -0.0790318
1650368262336, -0.0424316, -0.0188302, -0.0790318
1650368262337, -0.0424316, -0.0188302, -0.0790318
1650368262338, -0.0424316, -0.0188302, -0.0790318
1650368262339, -0.0424316, -0.0188302, -0.0790318
1650368262340, -0.0424316, -0.0188302, -0.0790318
1650368262341, -0.0424316, -0.0188302, -0.0790318
1650368262342, -0.0424316, -0.0188302, -0.0790318
1650368262343, -0.0424316, -0.0188302, -0.0790318
1650368262344, -0.0424316, -0.0188302, -0.0790318
1650368262345, -0.0424316, -0.0188302, -0.0790318
1650368262346, -0.0424316, -0.0188302, -0.0790318
1650368262347, -0.0424316, -0.0188302, -0.0790318
1650368262348, -0.0424316, -0.0188302, -0.0790318
1650368262349, -0.0424316, -0.0188302, -0.0790318
1650368262350, -0.0424316, -0.0188302, -0.0790318
1650368262353, -0.0424316, -0.0188302, -0.0790318
1650368262356, -0.0424316, -0.0188302, -0.0790318
1650368262358, -0.0424316, -0.0188302, -0.0790318
1650368262359, -0.0424316, -0.0188302, -0.0790318
1650368262360, -0.0424316, -0.0188302, -0.0790318
1650368262361, -0.0424316, -0.0188302, -0.0790318
1650368262362, -0.0424316, -0.0188302, -0.0790318
1650368262364, -0.0424316, -0.0188302, -0.0790318
1650368262364, -0.0424316, -0.0188302, -0.0790318
1650368262368, -0.0424316, -0.0188302, -0.0790318
1650368262368, -0.0424316, -0.0188302, -0.0790318
1650368262369, -0.0424316, -0.0188302, -0.0790318
1650368262371, -0.0424316, -0.0188302, -0.0790318
1650368262372, -0.0424316, -0.0188302, -0.0790318
1650368262372, -0.0424316, -0.0188302, -0.0790318
1650368262373, -0.0424316, -0.0188302, -0.0790318
1650368262374, -0.0424316, -0.0188302, -0.0790318
1650368262375, -0.0424316, -0.0188302, -0.0790318
1650368262376, -0.0424316, -0.0188302, -0.0790318
1650368262377, -0.0424316, -0.0188302, -0.0790318
1650368262378, -0.0424316, -0.0188302, -0.0790318
1650368262379, -0.0424316, -0.0188302, -0.0790318
1650368262387, -0.0424316, -0.0188302, -0.0790318
1650368262389, -0.0424316, -0.0188302, -0.0790318
1650368262389, -0.0424316, -0.0188302, -0.0790318
1650368262391, -0.0424316, -0.0188302, -0.0790318
1650368262392, -0.0424316, -0.0188302, -0.0790318
1650368262393, -0.0424316, -0.0188302, -0.0790318
1650368262394, -0.0424316, -0.0188302, -0.0790318
1650368262395, -0.0424316, -0.0188302, -0.0790318
1650368262396, -0.0424441, -0.0188283, -0.0789788
1650368262397, -0.0424441, -0.0188283, -0.0789788
1650368262398, -0.0424441, -0.0188283, -0.0789788
1650368262399, -0.0424441, -0.0188283, -0.0789788
1650368262400, -0.0424441, -0.0188283, -0.0789788
1650368262401, -0.0424441, -0.0188283, -0.0789788
1650368262402, -0.0424441, -0.0188283, -0.0789788
1650368262403, -0.0424441, -0.0188283, -0.0789788
1650368262404, -0.0424441, -0.0188283, -0.0789788
1650368262405, -0.0424441, -0.0188283, -0.0789788
1650368262406, -0.0424441, -0.0188283, -0.0789788
1650368262407, -0.0424441, -0.0188283, -0.0789788
1650368262408, -0.0424441, -0.0188283, -0.0789788
1650368262417, -0.0424441, -0.0188283, -0.0789788
1650368262418, -0.0424029, -0.0188345, -0.0789269
1650368262419, -0.0424029, -0.0188345, -0.0789269
1650368262420, -0.0424029, -0.0188345, -0.0789269
1650368262421, -0.0424029, -0.0188345, -0.0789269
1650368262423, -0.0424029, -0.0188345, -0.0789269
1650368262424, -0.0424029, -0.0188345, -0.0789269
1650368262425, -0.0424029, -0.0188345, -0.0789269
1650368262426, -0.0424154, -0.0188326, -0.078874
1650368262427, -0.0424154, -0.0188326, -0.078874
1650368262428, -0.0424154, -0.0188326, -0.078874
1650368262429, -0.0424154, -0.0188326, -0.078874
1650368262430, -0.0424154, -0.0188326, -0.078874
1650368262431, -0.0424154, -0.0188326, -0.078874
1650368262432, -0.0424154, -0.0188326, -0.078874
1650368262433, -0.0424154, -0.0188326, -0.078874
1650368262434, -0.0424154, -0.0188326, -0.078874
1650368262435, -0.0424154, -0.0188326, -0.078874
1650368262436, -0.0424154, -0.0188326, -0.078874
1650368262445, -0.0424154, -0.0188326, -0.078874
1650368262452, -0.0424154, -0.0188326, -0.078874
1650368262459, -0.0424154, -0.0188326, -0.078874
1650368262466, -0.042428, -0.0188307, -0.0788211
1650368262472, -0.042428, -0.0188307, -0.0788211
1650368262484, -0.042428, -0.0188307, -0.0788211
1650368262491, -0.042428, -0.0188307, -0.0788211
1650368262499, -0.0424406, -0.0188289, -0.0787682
1650368262509, -0.0424406, -0.0188289, -0.0787682
1650368262516, -0.0424406, -0.0188289, -0.0787682
1650368262525, -0.0424532, -0.018827, -0.0787153
1650368262531, -0.0424532, -0.018827, -0.0787153
1650368262539, -0.0423994, -0.018835, -0.0787162
1650368262551, -0.042412, -0.0188331, -0.0786633
1650368262558, -0.042412, -0.0188331, -0.0786633
1650368262564, -0.042412, -0.0188331, -0.0786633
1650368262569, -0.0423583, -0.0188412, -0.0786642
1650368262579, -0.042371, -0.0188393, -0.0786114
1650368262587, -0.0423172, -0.0188473, -0.0786123
1650368262594, -0.0423299, -0.0188454, -0.0785594
1650368262600, -0.0423426, -0.0188435, -0.0785065
1650368262608, -0.0423016, -0.0188496, -0.0784545
1650368262625, -0.0423016, -0.0188496, -0.0784545
1650368262631, -0.0422196, -0.0188619, -0.0783505
1650368262639, -0.0422324, -0.01886, -0.0782976
1650368262654, -0.0421914, -0.0188661, -0.0782456
1650368262662, -0.0421505, -0.0188722, -0.0781935
1650368262677, -0.0421634, -0.0188703, -0.0781407
1650368262683, -0.0421634, -0.0188703, -0.0781407
1650368262695, -0.0421634, -0.0188703, -0.0781407
1650368262704, -0.0421762, -0.0188684, -0.0780878
1650368262711, -0.0421891, -0.0188665, -0.078035
1650368262723, -0.0422149, -0.0188626, -0.0779294
1650368262732, -0.0422408, -0.0188587, -0.0778237
1650368262741, -0.042306, -0.018849, -0.0775598
1650368262750, -0.0423585, -0.0188411, -0.0773487
1650368262756, -0.0424379, -0.0188292, -0.0770323
1650368262767, -0.0424779, -0.0188233, -0.0768742
1650368262773, -0.0425855, -0.0188072, -0.0764527
1650368262779, -0.0426398, -0.0187991, -0.0762421
1650368262787, -0.0427219, -0.0187868, -0.0759263
1650368262796, -0.0427233, -0.0187866, -0.0757167
1650368262802, -0.0428908, -0.0187615, -0.0750861
1650368262807, -0.0429615, -0.018751, -0.0748237
1650368262815, -0.0430613, -0.018736, -0.0744564
1650368262823, -0.0431767, -0.0187188, -0.074037
1650368262831, -0.0433228, -0.0186969, -0.0735134
1650368262841, -0.0434711, -0.0186747, -0.0729903
1650368262848, -0.0436821, -0.0186432, -0.0722591
1650368262854, -0.0438046, -0.0186249, -0.0718418
1650368262864, -0.0439129, -0.0186087, -0.071477
1650368262871, -0.0440851, -0.0185829, -0.0709044
1650368262878, -0.0443401, -0.0185448, -0.0700729
1650368262889, -0.0444371, -0.0185303, -0.0697615
1650368262906, -0.0447327, -0.0184861, -0.0688288
1650368262912, -0.0450011, -0.0184459, -0.0680017
1650368262918, -0.0453615, -0.018392, -0.0669187
1650368262926, -0.0455364, -0.0183659, -0.0664041
1650368262936, -0.0456773, -0.0183448, -0.0658397
1650368262942, -0.0460196, -0.0182936, -0.0648655
1650368262948, -0.0462211, -0.0182635, -0.0643028
1650368262964, -0.0464438, -0.0182302, -0.0636899
1650368262972, -0.0468828, -0.0181645, -0.0623666
1650368262982, -0.047232, -0.0181123, -0.0614531
1650368262995, -0.0475082, -0.018071, -0.0607444
1650368263003, -0.0481831, -0.0179701, -0.0589301
1650368263014, -0.0485573, -0.0179141, -0.0580268
1650368263020, -0.0489803, -0.0178509, -0.0567781
1650368263035, -0.0491744, -0.0178219, -0.0563294
1650368263044, -0.0500842, -0.0176858, -0.054049
1650368263050, -0.050486, -0.0176257, -0.0530636
1650368263067, -0.0508023, -0.0175784, -0.0522781
1650368263074, -0.0517281, -0.01744, -0.049937
1650368263088, -0.0518738, -0.0174182, -0.0496457
1650368263096, -0.05298, -0.0172528, -0.0471857
1650368263107, -0.0534585, -0.0171812, -0.0459902
1650368263113, -0.0538728, -0.0171192, -0.0451331
1650368263121, -0.0544517, -0.0170327, -0.0437129
1650368263127, -0.0546939, -0.0169965, -0.0430065
1650368263136, -0.0552157, -0.0169184, -0.0417408
1650368263142, -0.0553276, -0.0169017, -0.0414606
1650368263148, -0.0558179, -0.0168284, -0.040019
1650368263160, -0.0562723, -0.0167604, -0.0385873
1650368263166, -0.0563877, -0.0167432, -0.0384036
1650368263173, -0.0569776, -0.0166549, -0.0359788
1650368263181, -0.0571655, -0.0166268, -0.0352067
1650368263187, -0.0573652, -0.016597, -0.0337121
1650368263193, -0.0574444, -0.0165851, -0.0331256
1650368263206, -0.0574508, -0.0165842, -0.0319519
1650368263211, -0.057349, -0.0165994, -0.0301933
1650368263224, -0.057254, -0.0166136, -0.029426
1650368263231, -0.0564657, -0.0167315, -0.0274541
1650368263244, -0.05588, -0.0168191, -0.0264715
1650368263250, -0.0543294, -0.017051, -0.0246294
1650368263258, -0.0534351, -0.0171847, -0.0238152
1650368263266, -0.0521731, -0.0173734, -0.0229444
1650368263280, -0.0501595, -0.0177242, -0.0216236
1650368263286, -0.0462897, -0.0184585, -0.01983
1650368263297, -0.0441533, -0.0188339, -0.019043
1650368263305, -0.0429578, -0.0191207, -0.0187954
1650368263311, -0.0397051, -0.0189676, -0.01883
1650368263324, -0.039066, -0.0188989, -0.0191794
1650368263334, -0.0372382, -0.0192212, -0.0205324
1650368263341, -0.0356282, -0.0190114, -0.0222676
1650368263347, -0.0349596, -0.0191632, -0.0231145
1650368263358, -0.0346059, -0.0194947, -0.0239312
1650368263368, -0.0340918, -0.0197952, -0.0251208
1650368263376, -0.0340569, -0.0199697, -0.0253609
1650368263389, -0.0341555, -0.0201807, -0.0252747
1650368263396, -0.0346996, -0.0204362, -0.0246293
1650368263402, -0.0351808, -0.0204747, -0.0240297
1650368263412, -0.035657, -0.0204573, -0.0234328
1650368263421, -0.0363055, -0.0204129, -0.0226271
1650368263431, -0.0373111, -0.0203678, -0.0214071
1650368263441, -0.0383134, -0.0203216, -0.0202941
1650368263448, -0.0396081, -0.0201193, -0.0192112
1650368263459, -0.0402586, -0.0200176, -0.0188203
1650368263466, -0.0413812, -0.0198422, -0.0186822
1650368263479, -0.0420092, -0.019744, -0.0189653
1650368263486, -0.0427571, -0.0196271, -0.0198968
1650368263493, -0.0429505, -0.0195969, -0.0209013
1650368263505, -0.0433739, -0.0195308, -0.0212731
1650368263517, -0.0429525, -0.019227, -0.0216366
1650368263523, -0.0424947, -0.0195091, -0.0217833
1650368263532, -0.0420892, -0.0196783, -0.0217002
1650368263538, -0.0410382, -0.0197349, -0.0215389
1650368263545, -0.0403792, -0.0199987, -0.0213956
1650368263558, -0.0398515, -0.0204061, -0.0212714
1650368263564, -0.0386805, -0.0205921, -0.0209617
1650368263576, -0.0383225, -0.0207037, -0.0208778
1650368263584, -0.0380527, -0.0208016, -0.0209128
1650368263590, -0.0378527, -0.0207785, -0.0209179
1650368263600, -0.0378442, -0.0207249, -0.0209179
1650368263613, -0.0380534, -0.0206917, -0.0209666
1650368263620, -0.0382627, -0.0206584, -0.0210149
1650368263626, -0.0383151, -0.0206501, -0.0210269
1650368263637, -0.0383236, -0.0207036, -0.0210269
1650368263644, -0.0383236, -0.0207036, -0.0210269
1650368263657, -0.0383236, -0.0207036, -0.0210269
1650368263662, -0.0383236, -0.0207036, -0.0210269
1650368263668, -0.0383236, -0.0207036, -0.0210269
1650368263674, -0.0383236, -0.0207036, -0.0210269
